GIM5	219	C	T	92	112	272	292
GIM5	222	C	A	92	112	272	292
GIM5	222	C	T	92	112	272	292
GIM5	225	A	C	92	112	272	292
GIM5	225	A	G	92	112	272	292
GIM5	225	A	T	92	112	272	292
GIM5	228	T	A	92	112	272	292
GIM5	228	T	C	92	112	272	292
GIM5	228	T	G	92	112	272	292
GIM5	231	G	A	92	112	272	292
GIM5	234	T	A	92	112	272	292
GIM5	234	T	C	92	112	272	292
GIM5	129	G	A	92	112	272	292
GIM5	237	A	C	92	112	272	292
GIM5	237	A	G	92	112	272	292
GIM5	237	A	T	92	112	272	292
GIM5	240	C	T	92	112	272	292
GIM5	243	T	C	92	112	272	292
GIM5	246	G	A	92	112	272	292
GIM5	249	A	G	92	112	272	292
GIM5	252	C	T	92	112	272	292
GIM5	258	C	A	92	112	272	292
GIM5	258	C	G	92	112	272	292
GIM5	258	C	T	92	112	272	292
GIM5	261	C	T	92	112	272	292
GIM5	264	T	A	92	112	272	292
GIM5	264	T	C	92	112	272	292
GIM5	132	C	T	92	112	272	292
GIM5	135	A	C	92	112	272	292
GIM5	135	A	G	92	112	272	292
GIM5	135	A	T	92	112	272	292
GIM5	138	A	G	92	112	272	292
GIM5	141	T	C	92	112	272	292
GIM5	144	T	A	92	112	272	292
GIM5	144	T	C	92	112	272	292
GIM5	120	T	A	92	112	272	292
GIM5	120	T	C	92	112	272	292
GIM5	120	T	G	92	112	272	292
GIM5	147	T	C	92	112	272	292
GIM5	150	T	C	92	112	272	292
GIM5	153	T	A	92	112	272	292
GIM5	153	T	C	92	112	272	292
GIM5	156	A	G	92	112	272	292
GIM5	159	A	C	92	112	272	292
GIM5	159	A	G	92	112	272	292
GIM5	159	A	T	92	112	272	292
GIM5	162	C	A	92	112	272	292
GIM5	162	C	G	92	112	272	292
GIM5	162	C	T	92	112	272	292
GIM5	165	C	A	92	112	272	292
GIM5	165	C	G	92	112	272	292
GIM5	165	C	T	92	112	272	292
GIM5	168	A	G	92	112	272	292
GIM5	171	A	C	92	112	272	292
GIM5	171	A	G	92	112	272	292
GIM5	171	A	T	92	112	272	292
GIM5	174	A	C	92	112	272	292
GIM5	174	A	G	92	112	272	292
GIM5	174	A	T	92	112	272	292
GIM5	123	G	A	92	112	272	292
GIM5	177	T	C	92	112	272	292
GIM5	180	A	G	92	112	272	292
GIM5	183	G	A	92	112	272	292
GIM5	183	G	C	92	112	272	292
GIM5	183	G	T	92	112	272	292
GIM5	186	A	G	92	112	272	292
GIM5	189	A	G	92	112	272	292
GIM5	190	C	T	92	112	272	292
GIM5	192	A	C	92	112	272	292
GIM5	192	A	G	92	112	272	292
GIM5	192	A	T	92	112	272	292
GIM5	193	C	T	92	112	272	292
GIM5	195	G	A	92	112	272	292
GIM5	195	G	C	92	112	272	292
GIM5	195	G	T	92	112	272	292
GIM5	198	T	A	92	112	272	292
GIM5	198	T	C	92	112	272	292
GIM5	198	T	G	92	112	272	292
GIM5	201	A	C	92	112	272	292
GIM5	201	A	G	92	112	272	292
GIM5	201	A	T	92	112	272	292
GIM5	204	A	C	92	112	272	292
GIM5	204	A	G	92	112	272	292
GIM5	204	A	T	92	112	272	292
GIM5	126	C	A	92	112	272	292
GIM5	126	C	G	92	112	272	292
GIM5	126	C	T	92	112	272	292
GIM5	207	T	A	92	112	272	292
GIM5	207	T	C	92	112	272	292
GIM5	207	T	G	92	112	272	292
GIM5	210	A	C	92	112	272	292
GIM5	210	A	G	92	112	272	292
GIM5	210	A	T	92	112	272	292
GIM5	213	A	C	92	112	272	292
GIM5	213	A	G	92	112	272	292
GIM5	213	A	T	92	112	272	292
GIM5	214	T	C	92	112	272	292
GIM5	216	A	G	92	112	272	292
LSM1	69	A	C	25	44	214	235
LSM1	177	T	C	25	44	214	235
LSM1	183	A	T	25	44	214	235
LSM1	201	A	T	25	44	214	235
LSM1	205	A	C	25	44	214	235
LSM1	81	A	C	25	44	214	235
LSM1	87	T	C	25	44	214	235
LSM1	93	C	G	25	44	214	235
LSM1	93	C	T	25	44	214	235
LSM1	97	T	C	25	44	214	235
LSM1	105	C	A	25	44	214	235
LSM1	111	G	A	25	44	214	235
LSM1	114	T	C	25	44	214	235
LSM1	123	T	A	25	44	214	235
LSM1	123	T	G	25	44	214	235
LSM1	129	C	G	25	44	214	235
LSM1	132	T	C	25	44	214	235
LSM1	135	T	C	25	44	214	235
LSM1	135	T	G	25	44	214	235
LSM1	141	A	C	25	44	214	235
LSM1	141	A	T	25	44	214	235
LSM1	147	A	G	25	44	214	235
LSM1	147	A	T	25	44	214	235
LSM1	150	A	G	25	44	214	235
LSM1	156	T	G	25	44	214	235
PAF	292	T	C	251	271	442	462
PAF	393	T	C	251	271	442	462
PAF	396	T	C	251	271	442	462
PAF	399	C	T	251	271	442	462
PAF	402	A	C	251	271	442	462
PAF	402	A	G	251	271	442	462
PAF	402	A	T	251	271	442	462
PAF	405	G	A	251	271	442	462
PAF	405	G	C	251	271	442	462
PAF	405	G	T	251	271	442	462
PAF	406	T	C	251	271	442	462
PAF	408	G	A	251	271	442	462
PAF	303	C	T	251	271	442	462
PAF	411	A	G	251	271	442	462
PAF	412	A	C	251	271	442	462
PAF	414	G	A	251	271	442	462
PAF	417	A	G	251	271	442	462
PAF	418	A	C	251	271	442	462
PAF	420	G	A	251	271	442	462
PAF	423	C	A	251	271	442	462
PAF	423	C	G	251	271	442	462
PAF	423	C	T	251	271	442	462
PAF	424	T	C	251	271	442	462
PAF	426	G	A	251	271	442	462
PAF	429	T	C	251	271	442	462
PAF	432	T	C	251	271	442	462
PAF	435	A	C	251	271	442	462
PAF	435	A	G	251	271	442	462
PAF	435	A	T	251	271	442	462
PAF	438	T	C	251	271	442	462
PAF	306	T	A	251	271	442	462
PAF	306	T	C	251	271	442	462
PAF	306	T	G	251	271	442	462
PAF	441	G	A	251	271	442	462
PAF	441	G	C	251	271	442	462
PAF	441	G	T	251	271	442	462
PAF	307	A	C	251	271	442	462
PAF	309	A	G	251	271	442	462
PAF	312	A	C	251	271	442	462
PAF	312	A	T	251	271	442	462
PAF	315	T	C	251	271	442	462
PAF	316	A	C	251	271	442	462
PAF	318	A	G	251	271	442	462
PAF	319	C	T	251	271	442	462
PAF	294	A	G	251	271	442	462
PAF	321	G	A	251	271	442	462
PAF	321	G	C	251	271	442	462
PAF	321	G	T	251	271	442	462
PAF	324	C	A	251	271	442	462
PAF	324	C	G	251	271	442	462
PAF	324	C	T	251	271	442	462
PAF	327	G	A	251	271	442	462
PAF	330	T	A	251	271	442	462
PAF	330	T	C	251	271	442	462
PAF	330	T	G	251	271	442	462
PAF	295	C	T	251	271	442	462
PAF	333	T	C	251	271	442	462
PAF	336	A	C	251	271	442	462
PAF	336	A	T	251	271	442	462
PAF	339	A	C	251	271	442	462
PAF	339	A	G	251	271	442	462
PAF	339	A	T	251	271	442	462
PAF	342	G	A	251	271	442	462
PAF	345	T	A	251	271	442	462
PAF	345	T	C	251	271	442	462
PAF	345	T	G	251	271	442	462
PAF	348	C	A	251	271	442	462
PAF	348	C	G	251	271	442	462
PAF	348	C	T	251	271	442	462
PAF	297	G	A	251	271	442	462
PAF	297	G	C	251	271	442	462
PAF	297	G	T	251	271	442	462
PAF	351	C	T	251	271	442	462
PAF	352	T	C	251	271	442	462
PAF	354	G	A	251	271	442	462
PAF	355	A	C	251	271	442	462
PAF	357	A	G	251	271	442	462
PAF	360	C	A	251	271	442	462
PAF	360	C	G	251	271	442	462
PAF	360	C	T	251	271	442	462
PAF	298	A	C	251	271	442	462
PAF	363	C	A	251	271	442	462
PAF	363	C	G	251	271	442	462
PAF	363	C	T	251	271	442	462
PAF	366	A	G	251	271	442	462
PAF	369	T	C	251	271	442	462
PAF	372	C	A	251	271	442	462
PAF	372	C	G	251	271	442	462
PAF	372	C	T	251	271	442	462
PAF	375	C	A	251	271	442	462
PAF	375	C	G	251	271	442	462
PAF	375	C	T	251	271	442	462
PAF	378	T	C	251	271	442	462
PAF	300	G	A	251	271	442	462
PAF	381	A	C	251	271	442	462
PAF	381	A	G	251	271	442	462
PAF	381	A	T	251	271	442	462
PAF	384	T	A	251	271	442	462
PAF	384	T	C	251	271	442	462
PAF	387	A	C	251	271	442	462
PAF	387	A	G	251	271	442	462
PAF	387	A	T	251	271	442	462
PAF	390	C	A	251	271	442	462
PAF	390	C	G	251	271	442	462
PAF	390	C	T	251	271	442	462
TSR2	147	C	A	19	39	197	217
TSR2	147	C	G	19	39	197	217
TSR2	147	C	T	19	39	197	217
TSR2	150	A	C	19	39	197	217
TSR2	150	A	G	19	39	197	217
TSR2	150	A	T	19	39	197	217
TSR2	153	A	G	19	39	197	217
TSR2	156	C	T	19	39	197	217
TSR2	159	T	C	19	39	197	217
TSR2	57	C	A	19	39	197	217
TSR2	57	C	G	19	39	197	217
TSR2	57	C	T	19	39	197	217
TSR2	165	T	A	19	39	197	217
TSR2	165	T	C	19	39	197	217
TSR2	165	T	G	19	39	197	217
TSR2	168	T	A	19	39	197	217
TSR2	168	T	C	19	39	197	217
TSR2	168	T	G	19	39	197	217
TSR2	171	A	C	19	39	197	217
TSR2	171	A	G	19	39	197	217
TSR2	171	A	T	19	39	197	217
TSR2	174	C	T	19	39	197	217
TSR2	177	A	C	19	39	197	217
TSR2	177	A	G	19	39	197	217
TSR2	177	A	T	19	39	197	217
TSR2	180	T	A	19	39	197	217
TSR2	180	T	C	19	39	197	217
TSR2	180	T	G	19	39	197	217
TSR2	183	G	A	19	39	197	217
TSR2	186	G	A	19	39	197	217
TSR2	187	A	C	19	39	197	217
TSR2	189	A	G	19	39	197	217
TSR2	192	C	T	19	39	197	217
TSR2	60	T	C	19	39	197	217
TSR2	61	C	T	19	39	197	217
TSR2	63	A	C	19	39	197	217
TSR2	63	A	G	19	39	197	217
TSR2	63	A	T	19	39	197	217
TSR2	69	C	T	19	39	197	217
TSR2	72	T	A	19	39	197	217
TSR2	72	T	C	19	39	197	217
TSR2	72	T	G	19	39	197	217
TSR2	48	A	G	19	39	197	217
TSR2	75	C	T	19	39	197	217
TSR2	78	A	G	19	39	197	217
TSR2	81	G	A	19	39	197	217
TSR2	84	A	G	19	39	197	217
TSR2	87	G	A	19	39	197	217
TSR2	90	A	C	19	39	197	217
TSR2	90	A	G	19	39	197	217
TSR2	90	A	T	19	39	197	217
TSR2	93	T	A	19	39	197	217
TSR2	93	T	C	19	39	197	217
TSR2	93	T	G	19	39	197	217
TSR2	96	T	C	19	39	197	217
TSR2	99	G	A	19	39	197	217
TSR2	102	C	A	19	39	197	217
TSR2	102	C	G	19	39	197	217
TSR2	102	C	T	19	39	197	217
TSR2	51	T	A	19	39	197	217
TSR2	51	T	C	19	39	197	217
TSR2	51	T	G	19	39	197	217
TSR2	105	T	A	19	39	197	217
TSR2	105	T	C	19	39	197	217
TSR2	105	T	G	19	39	197	217
TSR2	108	T	A	19	39	197	217
TSR2	108	T	C	19	39	197	217
TSR2	108	T	G	19	39	197	217
TSR2	111	C	A	19	39	197	217
TSR2	111	C	G	19	39	197	217
TSR2	111	C	T	19	39	197	217
TSR2	117	T	A	19	39	197	217
TSR2	117	T	C	19	39	197	217
TSR2	117	T	G	19	39	197	217
TSR2	120	T	A	19	39	197	217
TSR2	120	T	C	19	39	197	217
TSR2	123	T	C	19	39	197	217
TSR2	126	G	A	19	39	197	217
TSR2	132	T	C	19	39	197	217
TSR2	54	A	G	19	39	197	217
TSR2	135	G	A	19	39	197	217
TSR2	135	G	C	19	39	197	217
TSR2	135	G	T	19	39	197	217
TSR2	136	T	C	19	39	197	217
TSR2	138	G	A	19	39	197	217
TSR2	141	T	C	19	39	197	217
TSR2	144	T	A	19	39	197	217
TSR2	144	T	C	19	39	197	217
TSR2	144	T	G	19	39	197	217
VMA	138	T	A	11	31	194	215
VMA	138	T	C	11	31	194	215
VMA	138	T	G	11	31	194	215
VMA	141	A	C	11	31	194	215
VMA	141	A	G	11	31	194	215
VMA	141	A	T	11	31	194	215
VMA	147	C	A	11	31	194	215
VMA	147	C	G	11	31	194	215
VMA	147	C	T	11	31	194	215
VMA	150	T	C	11	31	194	215
VMA	153	T	A	11	31	194	215
VMA	153	T	C	11	31	194	215
VMA	153	T	G	11	31	194	215
VMA	48	T	C	11	31	194	215
VMA	156	T	A	11	31	194	215
VMA	156	T	C	11	31	194	215
VMA	156	T	G	11	31	194	215
VMA	157	C	T	11	31	194	215
VMA	159	A	C	11	31	194	215
VMA	159	A	G	11	31	194	215
VMA	159	A	T	11	31	194	215
VMA	162	C	A	11	31	194	215
VMA	162	C	T	11	31	194	215
VMA	165	T	A	11	31	194	215
VMA	165	T	C	11	31	194	215
VMA	165	T	G	11	31	194	215
VMA	168	C	T	11	31	194	215
VMA	171	T	A	11	31	194	215
VMA	171	T	C	11	31	194	215
VMA	174	T	A	11	31	194	215
VMA	174	T	C	11	31	194	215
VMA	174	T	G	11	31	194	215
VMA	177	A	C	11	31	194	215
VMA	177	A	G	11	31	194	215
VMA	177	A	T	11	31	194	215
VMA	180	G	A	11	31	194	215
VMA	180	G	C	11	31	194	215
VMA	180	G	T	11	31	194	215
VMA	183	C	T	11	31	194	215
VMA	51	T	A	11	31	194	215
VMA	51	T	C	11	31	194	215
VMA	51	T	G	11	31	194	215
VMA	186	C	A	11	31	194	215
VMA	186	C	G	11	31	194	215
VMA	186	C	T	11	31	194	215
VMA	54	A	C	11	31	194	215
VMA	54	A	G	11	31	194	215
VMA	54	A	T	11	31	194	215
VMA	57	G	A	11	31	194	215
VMA	57	G	C	11	31	194	215
VMA	57	G	T	11	31	194	215
VMA	63	G	A	11	31	194	215
VMA	63	G	C	11	31	194	215
VMA	63	G	T	11	31	194	215
VMA	39	T	A	11	31	194	215
VMA	39	T	C	11	31	194	215
VMA	39	T	G	11	31	194	215
VMA	66	A	C	11	31	194	215
VMA	66	A	G	11	31	194	215
VMA	66	A	T	11	31	194	215
VMA	67	C	T	11	31	194	215
VMA	69	G	A	11	31	194	215
VMA	69	G	C	11	31	194	215
VMA	69	G	T	11	31	194	215
VMA	72	C	A	11	31	194	215
VMA	72	C	G	11	31	194	215
VMA	72	C	T	11	31	194	215
VMA	75	A	C	11	31	194	215
VMA	75	A	G	11	31	194	215
VMA	75	A	T	11	31	194	215
VMA	78	C	A	11	31	194	215
VMA	78	C	G	11	31	194	215
VMA	78	C	T	11	31	194	215
VMA	81	T	A	11	31	194	215
VMA	81	T	C	11	31	194	215
VMA	81	T	G	11	31	194	215
VMA	84	T	C	11	31	194	215
VMA	87	C	T	11	31	194	215
VMA	90	T	A	11	31	194	215
VMA	90	T	C	11	31	194	215
VMA	93	T	A	11	31	194	215
VMA	93	T	C	11	31	194	215
VMA	96	G	A	11	31	194	215
VMA	99	A	G	11	31	194	215
VMA	102	T	C	11	31	194	215
VMA	105	G	A	11	31	194	215
VMA	105	G	C	11	31	194	215
VMA	105	G	T	11	31	194	215
VMA	43	C	T	11	31	194	215
VMA	108	A	C	11	31	194	215
VMA	108	A	G	11	31	194	215
VMA	108	A	T	11	31	194	215
VMA	111	T	C	11	31	194	215
VMA	114	C	A	11	31	194	215
VMA	114	C	G	11	31	194	215
VMA	114	C	T	11	31	194	215
VMA	115	T	C	11	31	194	215
VMA	117	A	G	11	31	194	215
VMA	120	T	A	11	31	194	215
VMA	120	T	C	11	31	194	215
VMA	123	T	C	11	31	194	215
VMA	45	G	A	11	31	194	215
VMA	45	G	C	11	31	194	215
VMA	45	G	T	11	31	194	215
VMA	126	A	C	11	31	194	215
VMA	126	A	G	11	31	194	215
VMA	126	A	T	11	31	194	215
VMA	129	T	A	11	31	194	215
VMA	129	T	C	11	31	194	215
VMA	129	T	G	11	31	194	215
VMA	130	T	C	11	31	194	215
VMA	132	A	G	11	31	194	215
VMA	135	T	A	11	31	194	215
VMA	135	T	C	11	31	194	215
VMA	135	T	G	11	31	194	215
VAM7	153	T	G	27	47	206	226
VAM7	165	T	C	27	47	206	226
VAM7	174	T	A	27	47	206	226
VAM7	174	T	G	27	47	206	226
VAM7	177	A	G	27	47	206	226
VAM7	189	T	C	27	47	206	226
VAM7	195	C	A	27	47	206	226
VAM7	195	C	G	27	47	206	226
VAM7	66	A	G	27	47	206	226
VAM7	201	T	A	27	47	206	226
VAM7	72	G	A	27	47	206	226
VAM7	72	G	C	27	47	206	226
VAM7	75	T	A	27	47	206	226
VAM7	78	A	C	27	47	206	226
VAM7	78	A	G	27	47	206	226
VAM7	54	T	G	27	47	206	226
VAM7	81	A	G	27	47	206	226
VAM7	84	C	T	27	47	206	226
VAM7	87	T	A	27	47	206	226
VAM7	93	A	G	27	47	206	226
VAM7	96	C	A	27	47	206	226
VAM7	96	C	G	27	47	206	226
VAM7	96	C	T	27	47	206	226
VAM7	99	A	G	27	47	206	226
VAM7	108	C	T	27	47	206	226
VAM7	57	T	G	27	47	206	226
VAM7	111	T	C	27	47	206	226
VAM7	114	T	C	27	47	206	226
VAM7	117	T	A	27	47	206	226
VAM7	120	C	T	27	47	206	226
VAM7	126	A	G	27	47	206	226
VAM7	129	T	A	27	47	206	226
VAM7	129	T	C	27	47	206	226
VAM7	135	T	A	27	47	206	226
VAM7	138	T	G	27	47	206	226
VAM7	141	G	A	27	47	206	226
VAM7	147	A	G	27	47	206	226
ADA2	313	C	T	274	294	462	482
ADA2	403	A	C	274	294	462	482
ADA2	405	G	A	274	294	462	482
ADA2	408	T	C	274	294	462	482
ADA2	409	A	C	274	294	462	482
ADA2	411	A	G	274	294	462	482
ADA2	414	C	A	274	294	462	482
ADA2	414	C	T	274	294	462	482
ADA2	417	G	A	274	294	462	482
ADA2	420	C	A	274	294	462	482
ADA2	420	C	G	274	294	462	482
ADA2	420	C	T	274	294	462	482
ADA2	315	A	C	274	294	462	482
ADA2	315	A	G	274	294	462	482
ADA2	315	A	T	274	294	462	482
ADA2	423	C	T	274	294	462	482
ADA2	424	C	A	274	294	462	482
ADA2	426	G	A	274	294	462	482
ADA2	426	G	C	274	294	462	482
ADA2	426	G	T	274	294	462	482
ADA2	429	G	A	274	294	462	482
ADA2	430	A	C	274	294	462	482
ADA2	432	G	A	274	294	462	482
ADA2	435	G	A	274	294	462	482
ADA2	435	G	C	274	294	462	482
ADA2	435	G	T	274	294	462	482
ADA2	436	C	T	274	294	462	482
ADA2	438	A	C	274	294	462	482
ADA2	438	A	G	274	294	462	482
ADA2	438	A	T	274	294	462	482
ADA2	441	G	A	274	294	462	482
ADA2	444	T	A	274	294	462	482
ADA2	444	T	C	274	294	462	482
ADA2	444	T	G	274	294	462	482
ADA2	447	A	C	274	294	462	482
ADA2	447	A	G	274	294	462	482
ADA2	447	A	T	274	294	462	482
ADA2	448	A	C	274	294	462	482
ADA2	450	A	G	274	294	462	482
ADA2	318	A	G	274	294	462	482
ADA2	453	G	A	274	294	462	482
ADA2	321	T	C	274	294	462	482
ADA2	324	T	C	274	294	462	482
ADA2	325	C	T	274	294	462	482
ADA2	327	G	A	274	294	462	482
ADA2	327	G	C	274	294	462	482
ADA2	327	G	T	274	294	462	482
ADA2	330	A	G	274	294	462	482
ADA2	306	A	G	274	294	462	482
ADA2	333	C	T	274	294	462	482
ADA2	336	A	G	274	294	462	482
ADA2	339	C	T	274	294	462	482
ADA2	342	T	C	274	294	462	482
ADA2	345	A	C	274	294	462	482
ADA2	345	A	G	274	294	462	482
ADA2	345	A	T	274	294	462	482
ADA2	348	A	C	274	294	462	482
ADA2	348	A	T	274	294	462	482
ADA2	351	T	A	274	294	462	482
ADA2	351	T	C	274	294	462	482
ADA2	351	T	G	274	294	462	482
ADA2	354	T	C	274	294	462	482
ADA2	357	T	A	274	294	462	482
ADA2	357	T	C	274	294	462	482
ADA2	360	C	A	274	294	462	482
ADA2	360	C	G	274	294	462	482
ADA2	360	C	T	274	294	462	482
ADA2	309	T	C	274	294	462	482
ADA2	363	A	G	274	294	462	482
ADA2	366	T	C	274	294	462	482
ADA2	369	A	C	274	294	462	482
ADA2	369	A	T	274	294	462	482
ADA2	372	T	C	274	294	462	482
ADA2	375	C	A	274	294	462	482
ADA2	375	C	G	274	294	462	482
ADA2	378	A	C	274	294	462	482
ADA2	378	A	G	274	294	462	482
ADA2	378	A	T	274	294	462	482
ADA2	381	A	G	274	294	462	482
ADA2	387	A	G	274	294	462	482
ADA2	390	T	C	274	294	462	482
ADA2	391	T	C	274	294	462	482
ADA2	393	G	A	274	294	462	482
ADA2	396	A	G	274	294	462	482
ADA2	399	G	A	274	294	462	482
ADA2	400	C	A	274	294	462	482
ADA2	402	A	C	274	294	462	482
ADA2	402	A	G	274	294	462	482
ADA2	402	A	T	274	294	462	482
ASC	114	T	A	1	12	163	182
ASC	114	T	C	1	12	163	182
ASC	114	T	G	1	12	163	182
ASC	117	T	C	1	12	163	182
ASC	120	G	A	1	12	163	182
ASC	123	T	A	1	12	163	182
ASC	123	T	C	1	12	163	182
ASC	123	T	G	1	12	163	182
ASC	124	T	C	1	12	163	182
ASC	126	G	A	1	12	163	182
ASC	129	C	A	1	12	163	182
ASC	129	C	T	1	12	163	182
ASC	24	T	A	1	12	163	182
ASC	24	T	C	1	12	163	182
ASC	24	T	G	1	12	163	182
ASC	132	C	G	1	12	163	182
ASC	132	C	T	1	12	163	182
ASC	138	G	A	1	12	163	182
ASC	139	T	C	1	12	163	182
ASC	141	G	A	1	12	163	182
ASC	25	T	C	1	12	163	182
ASC	144	T	A	1	12	163	182
ASC	144	T	C	1	12	163	182
ASC	144	T	G	1	12	163	182
ASC	147	T	A	1	12	163	182
ASC	147	T	C	1	12	163	182
ASC	147	T	G	1	12	163	182
ASC	150	C	T	1	12	163	182
ASC	153	C	T	1	12	163	182
ASC	156	A	G	1	12	163	182
ASC	159	G	A	1	12	163	182
ASC	27	G	A	1	12	163	182
ASC	162	T	C	1	12	163	182
ASC	28	A	C	1	12	163	182
ASC	30	A	G	1	12	163	182
ASC	33	T	A	1	12	163	182
ASC	33	T	C	1	12	163	182
ASC	33	T	G	1	12	163	182
ASC	36	C	A	1	12	163	182
ASC	36	C	G	1	12	163	182
ASC	36	C	T	1	12	163	182
ASC	37	T	C	1	12	163	182
ASC	39	G	A	1	12	163	182
ASC	15	A	G	1	12	163	182
ASC	42	A	G	1	12	163	182
ASC	45	T	A	1	12	163	182
ASC	45	T	C	1	12	163	182
ASC	45	T	G	1	12	163	182
ASC	48	C	T	1	12	163	182
ASC	51	C	T	1	12	163	182
ASC	54	T	A	1	12	163	182
ASC	54	T	C	1	12	163	182
ASC	54	T	G	1	12	163	182
ASC	60	C	A	1	12	163	182
ASC	60	C	G	1	12	163	182
ASC	60	C	T	1	12	163	182
ASC	63	A	C	1	12	163	182
ASC	63	A	G	1	12	163	182
ASC	63	A	T	1	12	163	182
ASC	66	T	A	1	12	163	182
ASC	66	T	C	1	12	163	182
ASC	66	T	G	1	12	163	182
ASC	67	T	C	1	12	163	182
ASC	69	G	A	1	12	163	182
ASC	18	T	A	1	12	163	182
ASC	18	T	C	1	12	163	182
ASC	18	T	G	1	12	163	182
ASC	72	T	A	1	12	163	182
ASC	72	T	C	1	12	163	182
ASC	72	T	G	1	12	163	182
ASC	75	T	A	1	12	163	182
ASC	75	T	C	1	12	163	182
ASC	78	T	A	1	12	163	182
ASC	78	T	C	1	12	163	182
ASC	78	T	G	1	12	163	182
ASC	81	T	A	1	12	163	182
ASC	81	T	G	1	12	163	182
ASC	19	T	C	1	12	163	182
ASC	84	T	A	1	12	163	182
ASC	84	T	G	1	12	163	182
ASC	87	A	G	1	12	163	182
ASC	90	A	C	1	12	163	182
ASC	90	A	G	1	12	163	182
ASC	90	A	T	1	12	163	182
ASC	93	C	T	1	12	163	182
ASC	94	C	T	1	12	163	182
ASC	96	A	C	1	12	163	182
ASC	96	A	G	1	12	163	182
ASC	96	A	T	1	12	163	182
ASC	97	T	C	1	12	163	182
ASC	100	T	C	1	12	163	182
ASC	21	A	G	1	12	163	182
ASC	102	G	A	1	12	163	182
ASC	105	C	A	1	12	163	182
ASC	105	C	G	1	12	163	182
ASC	105	C	T	1	12	163	182
ASC	108	T	A	1	12	163	182
ASC	108	T	C	1	12	163	182
ASC	108	T	G	1	12	163	182
ASC	111	C	A	1	12	163	182
ASC	111	C	G	1	12	163	182
ASC	111	C	T	1	12	163	182
BRF1	477	T	A	351	372	531	550
BRF1	477	T	C	351	372	531	550
BRF1	477	T	G	351	372	531	550
BRF1	480	T	A	351	372	531	550
BRF1	480	T	C	351	372	531	550
BRF1	480	T	G	351	372	531	550
BRF1	483	T	C	351	372	531	550
BRF1	486	T	A	351	372	531	550
BRF1	486	T	C	351	372	531	550
BRF1	486	T	G	351	372	531	550
BRF1	489	C	T	351	372	531	550
BRF1	492	G	A	351	372	531	550
BRF1	387	T	A	351	372	531	550
BRF1	387	T	C	351	372	531	550
BRF1	387	T	G	351	372	531	550
BRF1	495	T	A	351	372	531	550
BRF1	495	T	C	351	372	531	550
BRF1	495	T	G	351	372	531	550
BRF1	498	A	G	351	372	531	550
BRF1	501	C	A	351	372	531	550
BRF1	501	C	T	351	372	531	550
BRF1	504	T	C	351	372	531	550
BRF1	388	T	C	351	372	531	550
BRF1	507	A	G	351	372	531	550
BRF1	508	T	C	351	372	531	550
BRF1	510	G	A	351	372	531	550
BRF1	513	G	A	351	372	531	550
BRF1	516	A	G	351	372	531	550
BRF1	519	A	G	351	372	531	550
BRF1	520	T	C	351	372	531	550
BRF1	522	G	A	351	372	531	550
BRF1	390	G	A	351	372	531	550
BRF1	525	C	T	351	372	531	550
BRF1	393	T	A	351	372	531	550
BRF1	393	T	C	351	372	531	550
BRF1	393	T	G	351	372	531	550
BRF1	396	A	G	351	372	531	550
BRF1	399	A	G	351	372	531	550
BRF1	402	A	G	351	372	531	550
BRF1	403	C	T	351	372	531	550
BRF1	378	T	A	351	372	531	550
BRF1	378	T	C	351	372	531	550
BRF1	378	T	G	351	372	531	550
BRF1	405	A	C	351	372	531	550
BRF1	405	A	G	351	372	531	550
BRF1	405	A	T	351	372	531	550
BRF1	406	C	T	351	372	531	550
BRF1	408	A	C	351	372	531	550
BRF1	408	A	G	351	372	531	550
BRF1	408	A	T	351	372	531	550
BRF1	411	C	A	351	372	531	550
BRF1	411	C	G	351	372	531	550
BRF1	411	C	T	351	372	531	550
BRF1	414	A	G	351	372	531	550
BRF1	417	A	G	351	372	531	550
BRF1	423	A	G	351	372	531	550
BRF1	426	T	A	351	372	531	550
BRF1	426	T	C	351	372	531	550
BRF1	426	T	G	351	372	531	550
BRF1	427	T	C	351	372	531	550
BRF1	429	G	A	351	372	531	550
BRF1	432	C	T	351	372	531	550
BRF1	381	C	T	351	372	531	550
BRF1	435	A	G	351	372	531	550
BRF1	436	T	C	351	372	531	550
BRF1	438	G	A	351	372	531	550
BRF1	441	T	A	351	372	531	550
BRF1	441	T	C	351	372	531	550
BRF1	444	G	A	351	372	531	550
BRF1	447	C	T	351	372	531	550
BRF1	448	T	C	351	372	531	550
BRF1	450	A	G	351	372	531	550
BRF1	453	T	A	351	372	531	550
BRF1	453	T	C	351	372	531	550
BRF1	453	T	G	351	372	531	550
BRF1	456	C	T	351	372	531	550
BRF1	459	C	A	351	372	531	550
BRF1	459	C	T	351	372	531	550
BRF1	462	G	A	351	372	531	550
BRF1	384	T	A	351	372	531	550
BRF1	384	T	C	351	372	531	550
BRF1	384	T	G	351	372	531	550
BRF1	465	A	C	351	372	531	550
BRF1	465	A	G	351	372	531	550
BRF1	465	A	T	351	372	531	550
BRF1	468	C	A	351	372	531	550
BRF1	468	C	T	351	372	531	550
BRF1	469	A	C	351	372	531	550
BRF1	471	A	G	351	372	531	550
BRF1	474	G	A	351	372	531	550
BUD	306	C	A	177	197	358	377
BUD	306	C	G	177	197	358	377
BUD	306	C	T	177	197	358	377
BUD	309	G	A	177	197	358	377
BUD	309	G	C	177	197	358	377
BUD	309	G	T	177	197	358	377
BUD	312	A	C	177	197	358	377
BUD	312	A	T	177	197	358	377
BUD	315	G	A	177	197	358	377
BUD	315	G	C	177	197	358	377
BUD	315	G	T	177	197	358	377
BUD	318	C	T	177	197	358	377
BUD	319	C	A	177	197	358	377
BUD	321	G	A	177	197	358	377
BUD	321	G	C	177	197	358	377
BUD	321	G	T	177	197	358	377
BUD	216	G	A	177	197	358	377
BUD	216	G	C	177	197	358	377
BUD	216	G	T	177	197	358	377
BUD	324	G	A	177	197	358	377
BUD	324	G	C	177	197	358	377
BUD	324	G	T	177	197	358	377
BUD	327	C	A	177	197	358	377
BUD	327	C	G	177	197	358	377
BUD	327	C	T	177	197	358	377
BUD	330	G	A	177	197	358	377
BUD	330	G	C	177	197	358	377
BUD	330	G	T	177	197	358	377
BUD	333	T	C	177	197	358	377
BUD	336	C	T	177	197	358	377
BUD	339	G	A	177	197	358	377
BUD	339	G	C	177	197	358	377
BUD	339	G	T	177	197	358	377
BUD	342	T	A	177	197	358	377
BUD	342	T	C	177	197	358	377
BUD	342	T	G	177	197	358	377
BUD	345	T	A	177	197	358	377
BUD	345	T	C	177	197	358	377
BUD	348	T	C	177	197	358	377
BUD	351	C	A	177	197	358	377
BUD	351	C	T	177	197	358	377
BUD	354	T	C	177	197	358	377
BUD	222	T	C	177	197	358	377
BUD	225	T	A	177	197	358	377
BUD	225	T	C	177	197	358	377
BUD	225	T	G	177	197	358	377
BUD	226	T	C	177	197	358	377
BUD	228	G	A	177	197	358	377
BUD	231	T	C	177	197	358	377
BUD	207	A	C	177	197	358	377
BUD	207	A	G	177	197	358	377
BUD	207	A	T	177	197	358	377
BUD	234	A	C	177	197	358	377
BUD	234	A	T	177	197	358	377
BUD	237	G	A	177	197	358	377
BUD	237	G	C	177	197	358	377
BUD	237	G	T	177	197	358	377
BUD	240	C	A	177	197	358	377
BUD	240	C	G	177	197	358	377
BUD	240	C	T	177	197	358	377
BUD	243	C	T	177	197	358	377
BUD	249	T	A	177	197	358	377
BUD	249	T	C	177	197	358	377
BUD	249	T	G	177	197	358	377
BUD	252	G	A	177	197	358	377
BUD	252	G	C	177	197	358	377
BUD	252	G	T	177	197	358	377
BUD	255	C	A	177	197	358	377
BUD	255	C	G	177	197	358	377
BUD	255	C	T	177	197	358	377
BUD	258	T	A	177	197	358	377
BUD	258	T	C	177	197	358	377
BUD	258	T	G	177	197	358	377
BUD	261	T	A	177	197	358	377
BUD	261	T	C	177	197	358	377
BUD	261	T	G	177	197	358	377
BUD	210	C	T	177	197	358	377
BUD	264	T	C	177	197	358	377
BUD	265	A	C	177	197	358	377
BUD	267	A	G	177	197	358	377
BUD	270	G	A	177	197	358	377
BUD	271	C	T	177	197	358	377
BUD	273	G	A	177	197	358	377
BUD	273	G	C	177	197	358	377
BUD	273	G	T	177	197	358	377
BUD	276	G	A	177	197	358	377
BUD	279	C	A	177	197	358	377
BUD	279	C	G	177	197	358	377
BUD	279	C	T	177	197	358	377
BUD	282	C	T	177	197	358	377
BUD	283	T	C	177	197	358	377
BUD	285	G	A	177	197	358	377
BUD	289	T	C	177	197	358	377
BUD	291	G	A	177	197	358	377
BUD	213	T	C	177	197	358	377
BUD	294	G	A	177	197	358	377
BUD	297	T	C	177	197	358	377
BUD	303	C	A	177	197	358	377
BUD	303	C	G	177	197	358	377
BUD	303	C	T	177	197	358	377
EOS1	294	T	C	166	188	352	372
EOS1	297	C	T	166	188	352	372
EOS1	300	T	A	166	188	352	372
EOS1	300	T	C	166	188	352	372
EOS1	300	T	G	166	188	352	372
EOS1	303	C	T	166	188	352	372
EOS1	306	C	T	166	188	352	372
EOS1	309	T	C	166	188	352	372
EOS1	204	G	A	166	188	352	372
EOS1	312	C	T	166	188	352	372
EOS1	315	A	C	166	188	352	372
EOS1	315	A	G	166	188	352	372
EOS1	315	A	T	166	188	352	372
EOS1	318	A	C	166	188	352	372
EOS1	318	A	G	166	188	352	372
EOS1	318	A	T	166	188	352	372
EOS1	321	T	C	166	188	352	372
EOS1	324	A	G	166	188	352	372
EOS1	327	A	C	166	188	352	372
EOS1	327	A	G	166	188	352	372
EOS1	327	A	T	166	188	352	372
EOS1	330	T	A	166	188	352	372
EOS1	330	T	C	166	188	352	372
EOS1	330	T	G	166	188	352	372
EOS1	333	G	A	166	188	352	372
EOS1	333	G	C	166	188	352	372
EOS1	333	G	T	166	188	352	372
EOS1	336	A	G	166	188	352	372
EOS1	339	G	A	166	188	352	372
EOS1	207	T	A	166	188	352	372
EOS1	207	T	C	166	188	352	372
EOS1	207	T	G	166	188	352	372
EOS1	342	T	A	166	188	352	372
EOS1	342	T	C	166	188	352	372
EOS1	342	T	G	166	188	352	372
EOS1	211	A	C	166	188	352	372
EOS1	213	A	G	166	188	352	372
EOS1	216	C	A	166	188	352	372
EOS1	216	C	G	166	188	352	372
EOS1	216	C	T	166	188	352	372
EOS1	219	C	A	166	188	352	372
EOS1	219	C	G	166	188	352	372
EOS1	219	C	T	166	188	352	372
EOS1	195	T	A	166	188	352	372
EOS1	195	T	C	166	188	352	372
EOS1	195	T	G	166	188	352	372
EOS1	225	C	A	166	188	352	372
EOS1	225	C	G	166	188	352	372
EOS1	225	C	T	166	188	352	372
EOS1	228	C	A	166	188	352	372
EOS1	228	C	G	166	188	352	372
EOS1	228	C	T	166	188	352	372
EOS1	231	C	T	166	188	352	372
EOS1	196	C	T	166	188	352	372
EOS1	234	A	C	166	188	352	372
EOS1	234	A	T	166	188	352	372
EOS1	237	G	A	166	188	352	372
EOS1	237	G	C	166	188	352	372
EOS1	237	G	T	166	188	352	372
EOS1	240	T	A	166	188	352	372
EOS1	240	T	C	166	188	352	372
EOS1	240	T	G	166	188	352	372
EOS1	243	C	T	166	188	352	372
EOS1	246	G	A	166	188	352	372
EOS1	249	A	C	166	188	352	372
EOS1	249	A	G	166	188	352	372
EOS1	249	A	T	166	188	352	372
EOS1	198	G	A	166	188	352	372
EOS1	198	G	C	166	188	352	372
EOS1	198	G	T	166	188	352	372
EOS1	252	A	G	166	188	352	372
EOS1	255	A	C	166	188	352	372
EOS1	255	A	G	166	188	352	372
EOS1	255	A	T	166	188	352	372
EOS1	256	C	T	166	188	352	372
EOS1	258	A	C	166	188	352	372
EOS1	258	A	G	166	188	352	372
EOS1	258	A	T	166	188	352	372
EOS1	259	A	C	166	188	352	372
EOS1	261	A	G	166	188	352	372
EOS1	199	C	A	166	188	352	372
EOS1	264	T	C	166	188	352	372
EOS1	267	G	A	166	188	352	372
EOS1	267	G	C	166	188	352	372
EOS1	267	G	T	166	188	352	372
EOS1	270	C	T	166	188	352	372
EOS1	273	T	A	166	188	352	372
EOS1	273	T	C	166	188	352	372
EOS1	273	T	G	166	188	352	372
EOS1	276	T	C	166	188	352	372
EOS1	279	C	T	166	188	352	372
EOS1	201	G	A	166	188	352	372
EOS1	201	G	C	166	188	352	372
EOS1	201	G	T	166	188	352	372
EOS1	285	A	G	166	188	352	372
EOS1	288	A	G	166	188	352	372
EOS1	291	C	A	166	188	352	372
EOS1	291	C	G	166	188	352	372
EOS1	291	C	T	166	188	352	372
